model,var,at,b,se,N,r2,p_equality,p_val
levels_model,mw_wkp_tot_17,0,.020595536,.22612877,91635,.99143463,.93788964,
levels_model,mw_res,0,-.012886923,.2104415,91635,.99143463,.93788964,
levels_model,cumsum_from0,0,.0077086124,.092926137,91635,.99143463,.93788964,
baseline_model,mw_wkp_tot_17,0,.058091998,.026196742,90255,.024468662,,1.35526745111e-31
baseline_model,mw_res,0,-.015820289,.016393064,90255,.024468662,,1.35526745111e-31
baseline_model,cumsum_from0,0,.042271711,.015478762,90255,.024468662,,1.35526745111e-31
