model,var,at,b,se,N,r2,p_equality,p_val
levels_model,mw_wkp_tot_17,0,-.068027586,.21581689,132819,.98892981,.71517169,
levels_model,mw_res,0,.087658666,.21412301,132819,.98892981,.71517169,
levels_model,cumsum_from0,0,.019631082,.073922358,132819,.98892981,.71517169,
baseline_model,mw_wkp_tot_17,0,.053118911,.028446198,131306,.02084288,,1.2055099e-35
baseline_model,mw_res,0,-.019568259,.01689494,131306,.02084288,,1.2055099e-35
baseline_model,cumsum_from0,0,.03355065,.015614001,131306,.02084288,,1.2055099e-35
