model,var,at,b,se,N,r2,p_equality,p_val
levels_model,mw_wkp_tot_17,0,-.065951534,.21593106,132897,.98892498,.72164226,
levels_model,mw_res,0,.086154275,.21438871,132897,.98892498,.72164226,
levels_model,cumsum_from0,0,.020202745,.073805265,132897,.98892498,.72164226,
baseline_model,mw_wkp_tot_17,0,.054515116,.028321043,131383,.020940676,,2.5652137e-36
baseline_model,mw_res,0,-.020362198,.016896166,131383,.020940676,,2.5652137e-36
baseline_model,cumsum_from0,0,.034152918,.015483005,131383,.020940676,,2.5652137e-36
