model,var,at,b,se,N,r2,p_val
levels_model,mw_wkp_tot_17,0,.038130682,.2033132,80340,.99242681,
levels_model,mw_res,0,-.043435916,.17518334,80340,.99242681,
levels_model,cumsum_from0,0,-.0053052362,.10041599,80340,.99242681,
baseline_model,mw_wkp_tot_17,0,.068211697,.030634338,78912,.021569265,2.92870925160e-34
baseline_model,mw_res,0,-.02013409,.020030867,78912,.021569265,2.92870925160e-34
baseline_model,cumsum_from0,0,.048077609,.016568262,78912,.021569265,2.92870925160e-34
