model,var,at,b,se,N,r2,p_equality,p_val
levels_model,mw_wkp_tot_17,0,.03863268,.20220231,78995,.99250954,.8195709,
levels_model,mw_res,0,-.044772107,.17351067,78995,.99250954,.8195709,
levels_model,cumsum_from0,0,-.0061394288,.10013666,78995,.99250954,.8195709,
baseline_model,mw_wkp_tot_17,0,.06825275,.03066081,77567,.021630375,,9.51837908549e-34
baseline_model,mw_res,0,-.020155581,.020040797,77567,.021630375,,9.51837908549e-34
baseline_model,cumsum_from0,0,.048097171,.016584598,77567,.021630375,,9.51837908549e-34
