model,var,at,b,se,N,r2,p_equality,p_val
levels_model,mw_wkp_tot_17,0,-.052416869,.22255616,132897,.98892373,.77457923,
levels_model,mw_res,0,.074025713,.22207959,132897,.98892373,.77457923,
levels_model,cumsum_from0,0,.021608844,.07345435,132897,.98892373,.77457923,
baseline_model,mw_wkp_tot_17,0,.054600142,.028095974,131383,.020941053,,2.74733555041e-36
baseline_model,mw_res,0,-.020745741,.017060824,131383,.020941053,,2.74733555041e-36
baseline_model,cumsum_from0,0,.033854399,.015291407,131383,.020941053,,2.74733555041e-36
