model,var,at,b,se,N,r2,p_equality,p_val
levels_model,mw_wkp_tot_17,0,-.087065846,.22884028,133522,.98812503,.68136704,
levels_model,mw_res,0,.10254801,.23550446,133522,.98812503,.68136704,
levels_model,cumsum_from0,0,.015482166,.074687392,133522,.98812503,.68136704,
baseline_model,mw_wkp_tot_17,0,.050989084,.028932109,132178,.020668395,,2.7269469e-35
baseline_model,mw_res,0,-.017675538,.017256647,132178,.020668395,,2.7269469e-35
baseline_model,cumsum_from0,0,.033313546,.015995448,132178,.020668395,,2.7269469e-35
