counterfactual,num_tot_incidence,denom_tot_incidence,N,tot_incidence
chi14,464.9841965854328,4509.548862843318,385,.10311102
fed_10pc,15957.59020778164,185746.2302291393,4881,.085910708
fed_15usd,268834.713978231,3023227.648207664,11017,.088923082
fed_9usd,42643.10363420472,494730.9516330212,6798,.08619453
