counterfactual,num_tot_incidence,denom_tot_incidence,N,tot_incidence
fed_10pc,15711.62159209885,185733.2040898055,4881,.084592424
fed_15usd,265688.9019105732,3035508.230688095,11017,.087526992
fed_9usd,41984.42622269318,494696.0808525831,6798,.084869131
