counterfactual,num_tot_incidence,denom_tot_incidence,N,tot_incidence
chi14,464.9841965854328,4217.514276780435,385,.11025077
fed_10pc,15957.59020778164,173682.8351005614,4881,.091877759
fed_15usd,268834.713978231,2822207.370900154,11017,.095256895
fed_9usd,42631.80687808618,462372.1719118357,6784,.092202365
