counterfactual,num_tot_incidence,denom_tot_incidence,tot_incidence
fed_10pc,15714.53185834922,187926.8303388506,.083620481
fed_15usd,266020.8241142631,3087260.405728757,.086167276
fed_9usd,41991.65502108261,500801.5848675817,.083848886
