counterfactual,num_tot_incidence,denom_tot_incidence,N,tot_incidence
chi14,464.9841965854328,4161.252592883799,385,.1117414
fed_10pc,15957.59020778164,171359.3226666301,4881,.093123563
fed_15usd,268834.713978231,2783564.85711956,11017,.096579291
fed_9usd,42631.80687808618,456157.4599955827,6784,.093458533
