counterfactual,num_tot_incidence,denom_tot_incidence,N,tot_incidence
fed_10pc,16025.13880451955,193972.1934826821,4959,.082615651
fed_15usd,270321.2400766313,3158214.755781174,11197,.085593052
fed_9usd,42809.59350446984,517588.1852771789,6919,.082709759
