counterfactual,num_tot_incidence,denom_tot_incidence,tot_incidence
fed_10pc,11534.27367837075,187926.8303388506,.061376408
fed_15usd,194618.9890898615,3087260.405728757,.063039385
fed_9usd,30804.04690204747,500801.5848675817,.061509483
