counterfactual,num_tot_incidence,denom_tot_incidence,N,tot_incidence
fed_10pc,15434.16060203873,170491.9886804894,4881,.090527192
fed_15usd,253923.2944255322,2739483.354336739,11017,.092690215
fed_9usd,41260.5641079247,455071.0452169925,6798,.090668403
