ZillowSeries,totNA,tot_zip,N.mean,N.sd,N.median,N.min,N.max,EventPerZip,N,mean,SD,median,min,max
medrentprice_2BR,24431,2573,119.998259517109,0.100164327690657,120,112,120,1.68634276403496,3240433,1766.74055000515,879.010174915307,1565,475,19500
medrentpricepsqft_2BR,24613,2391,119.998259517109,0.100164327690657,120,112,120,1.68634276403496,3240433,1.68286487159853,0.803698027303058,1.4622641509434,0.501519756838906,12.5546139359699
medrentpricepsqft_SF,24397,2607,119.998259517109,0.100164327690657,120,112,120,1.68634276403496,3240433,1.14499951657835,1.00203857463179,0.917721518987342,0.103906899418121,24.4846596356663
zhvi_2BR,19,26985,284.882165605096,4.44147902771285,285,112,285,7.49600059250482,7692958,146003.879923407,133146.278775588,109655,7100,3893638
