hh_income_decile,sh_condo,n
1,0.08237633670866523,39654
2,0.08184060450796916,39654
3,0.07906231067139122,39654
4,0.080362226134082,39654
5,0.08836134345011304,39654
6,0.09496406914435207,39654
7,0.09929548088535309,39654
8,0.09955555396278203,39654
9,0.10229950665551256,39654
10,0.10857269613248592,39654
